source,target,relation,prior_weight,lag_corr,best_lag_5min,calibrated_weight
前山安检口/前山1通道,前山安检口/前山2通道,same_security_gate,0.92,0.7118318274418898,0,0.8471411396046615
前山安检口/前山2通道,前山安检口/前山1通道,same_security_gate,0.92,0.7118318274418897,0,0.8471411396046614
前山安检口/前山1通道,前山安检口/前山3通道,same_security_gate,0.92,0.7087716593894129,0,0.8460700807862946
前山安检口/前山3通道,前山安检口/前山1通道,same_security_gate,0.92,0.7087716593894128,0,0.8460700807862945
前山安检口/前山2通道,前山安检口/前山3通道,same_security_gate,0.92,0.7079992707835429,0,0.84579974477424
前山安检口/前山3通道,前山安检口/前山2通道,same_security_gate,0.92,0.7079992707835429,0,0.84579974477424
外餐安检口/外餐1通道,外餐安检口/外餐2通道,same_security_gate,0.92,0.7082567772790582,0,0.8458898720476704
外餐安检口/外餐2通道,外餐安检口/外餐1通道,same_security_gate,0.92,0.7082567772790583,0,0.8458898720476705
外餐安检口/外餐1通道,外餐安检口/外餐3通道,same_security_gate,0.92,0.7043624918463837,0,0.8445268721462343
外餐安检口/外餐3通道,外餐安检口/外餐1通道,same_security_gate,0.92,0.7043624918463838,0,0.8445268721462345
外餐安检口/外餐1通道,外餐安检口/外餐4通道,same_security_gate,0.92,0.7119465793295378,0,0.8471813027653383
外餐安检口/外餐4通道,外餐安检口/外餐1通道,same_security_gate,0.92,0.7119465793295378,0,0.8471813027653383
外餐安检口/外餐1通道,外餐安检口/外餐5通道,same_security_gate,0.92,0.7059127645550216,0,0.8450694675942576
外餐安检口/外餐5通道,外餐安检口/外餐1通道,same_security_gate,0.92,0.7059127645550215,0,0.8450694675942576
外餐安检口/外餐1通道,外餐安检口/外餐6通道,same_security_gate,0.92,0.7056103566540495,0,0.8449636248289174
外餐安检口/外餐6通道,外餐安检口/外餐1通道,same_security_gate,0.92,0.7056103566540495,0,0.8449636248289174
外餐安检口/外餐2通道,外餐安检口/外餐3通道,same_security_gate,0.92,0.7127667416074867,0,0.8474683595626205
外餐安检口/外餐3通道,外餐安检口/外餐2通道,same_security_gate,0.92,0.7127667416074865,0,0.8474683595626203
外餐安检口/外餐2通道,外餐安检口/外餐4通道,same_security_gate,0.92,0.7027388638403954,0,0.8439586023441384
外餐安检口/外餐4通道,外餐安检口/外餐2通道,same_security_gate,0.92,0.7027388638403954,0,0.8439586023441384
外餐安检口/外餐2通道,外餐安检口/外餐5通道,same_security_gate,0.92,0.6991109643733746,0,0.8426888375306811
外餐安检口/外餐5通道,外餐安检口/外餐2通道,same_security_gate,0.92,0.6991109643733746,0,0.8426888375306811
外餐安检口/外餐2通道,外餐安检口/外餐6通道,same_security_gate,0.92,0.7120920717769014,0,0.8472322251219155
外餐安检口/外餐6通道,外餐安检口/外餐2通道,same_security_gate,0.92,0.7120920717769015,0,0.8472322251219155
外餐安检口/外餐3通道,外餐安检口/外餐4通道,same_security_gate,0.92,0.7050440140474062,0,0.8447654049165922
外餐安检口/外餐4通道,外餐安检口/外餐3通道,same_security_gate,0.92,0.7050440140474062,0,0.8447654049165922
外餐安检口/外餐3通道,外餐安检口/外餐5通道,same_security_gate,0.92,0.6969656815433474,0,0.8419379885401717
外餐安检口/外餐5通道,外餐安检口/外餐3通道,same_security_gate,0.92,0.6969656815433474,0,0.8419379885401717
外餐安检口/外餐3通道,外餐安检口/外餐6通道,same_security_gate,0.92,0.7101371872500537,0,0.8465480155375189
外餐安检口/外餐6通道,外餐安检口/外餐3通道,same_security_gate,0.92,0.7101371872500536,0,0.8465480155375188
外餐安检口/外餐4通道,外餐安检口/外餐5通道,same_security_gate,0.92,0.6968905714038853,0,0.84191169999136
外餐安检口/外餐5通道,外餐安检口/外餐4通道,same_security_gate,0.92,0.6968905714038853,0,0.84191169999136
外餐安检口/外餐4通道,外餐安检口/外餐6通道,same_security_gate,0.92,0.7013417518127629,0,0.8434696131344671
外餐安检口/外餐6通道,外餐安检口/外餐4通道,same_security_gate,0.92,0.7013417518127629,0,0.8434696131344671
外餐安检口/外餐5通道,外餐安检口/外餐6通道,same_security_gate,0.92,0.6959319226587732,0,0.8415761729305707
外餐安检口/外餐6通道,外餐安检口/外餐5通道,same_security_gate,0.92,0.6959319226587733,0,0.8415761729305707
global:ticket,前山安检口/前山1通道,ticket_to_gate,0.72,0.629813751918158,6,0.6884348131713552
前山安检口/前山1通道,global:ticket,ticket_to_gate,0.72,0.5803611243052951,0,0.6711263935068532
global:rail,前山安检口/前山1通道,rail_to_gate,0.76,0.49382061895250245,12,0.6668372166333759
前山安检口/前山1通道,global:rail,rail_to_gate,0.76,0.3517409346843904,0,0.6171093271395367
global:ticket,前山安检口/前山2通道,ticket_to_gate,0.72,0.6320620764578739,6,0.6892217267602558
前山安检口/前山2通道,global:ticket,ticket_to_gate,0.72,0.5807874055392909,0,0.6712755919387517
global:rail,前山安检口/前山2通道,rail_to_gate,0.76,0.49378540817407884,12,0.6668248928609276
前山安检口/前山2通道,global:rail,rail_to_gate,0.76,0.34091352696621563,0,0.6133197344381756
global:ticket,前山安检口/前山3通道,ticket_to_gate,0.72,0.6326634525334968,6,0.6894322083867238
前山安检口/前山3通道,global:ticket,ticket_to_gate,0.72,0.5781203982077214,0,0.6703421393727025
global:rail,前山安检口/前山3通道,rail_to_gate,0.76,0.49144655270264037,12,0.6660062934459241
前山安检口/前山3通道,global:rail,rail_to_gate,0.76,0.3486957172036218,0,0.6160435010212677
global:ticket,外餐安检口/外餐1通道,ticket_to_gate,0.72,0.6309672505192007,6,0.6888385376817202
外餐安检口/外餐1通道,global:ticket,ticket_to_gate,0.72,0.581951055170101,0,0.6716828693095354
global:rail,外餐安检口/外餐1通道,rail_to_gate,0.76,0.4968249978973076,12,0.6678887492640577
外餐安检口/外餐1通道,global:rail,rail_to_gate,0.76,0.35641899902182717,0,0.6187466496576396
global:ticket,外餐安检口/外餐2通道,ticket_to_gate,0.72,0.6351815286305933,6,0.6903135350207076
外餐安检口/外餐2通道,global:ticket,ticket_to_gate,0.72,0.5828369893496982,0,0.6719929462723944
global:rail,外餐安检口/外餐2通道,rail_to_gate,0.76,0.4997370650616367,12,0.6689079727715729
外餐安检口/外餐2通道,global:rail,rail_to_gate,0.76,0.35380225388476483,0,0.6178307888596677
global:ticket,外餐安检口/外餐3通道,ticket_to_gate,0.72,0.626169725654482,6,0.6871594039790687
外餐安检口/外餐3通道,global:ticket,ticket_to_gate,0.72,0.5791264686608151,0,0.6706942640312852
global:rail,外餐安检口/外餐3通道,rail_to_gate,0.76,0.49901603363117253,12,0.6686556117709104
外餐安检口/外餐3通道,global:rail,rail_to_gate,0.76,0.3460676245323088,0,0.6151236685863082
global:ticket,外餐安检口/外餐4通道,ticket_to_gate,0.72,0.6323085893583161,6,0.6893080062754107
外餐安检口/外餐4通道,global:ticket,ticket_to_gate,0.72,0.5791212189773253,0,0.6706924266420637
global:rail,外餐安检口/外餐4通道,rail_to_gate,0.76,0.4883369987166289,12,0.6649179495508202
外餐安检口/外餐4通道,global:rail,rail_to_gate,0.76,0.34446856675115656,0,0.6145639983629049
global:ticket,外餐安检口/外餐5通道,ticket_to_gate,0.72,0.6327233534092808,6,0.6894531736932482
外餐安检口/外餐5通道,global:ticket,ticket_to_gate,0.72,0.5834900219598985,0,0.6722215076859644
global:rail,外餐安检口/外餐5通道,rail_to_gate,0.76,0.4940188616758461,12,0.6669066015865461
外餐安检口/外餐5通道,global:rail,rail_to_gate,0.76,0.3452540432551863,0,0.6148389151393152
global:ticket,外餐安检口/外餐6通道,ticket_to_gate,0.72,0.6282674921582265,6,0.6878936222553792
外餐安检口/外餐6通道,global:ticket,ticket_to_gate,0.72,0.5747673398851532,0,0.6691685689598036
global:rail,外餐安检口/外餐6通道,rail_to_gate,0.76,0.4934538726566917,12,0.6667088554298422
外餐安检口/外餐6通道,global:rail,rail_to_gate,0.76,0.35417061348086476,0,0.6179597147183027
map:official,global:ticket,context_to_ticket,0.25,0.19952600414078675,0,0.23233410144927535
global:ticket,map:official,context_to_ticket,0.25,0.19952600414078675,0,0.23233410144927535
map:official,global:rail,context_to_rail,0.25,0.19952600414078675,0,0.23233410144927535
global:rail,map:official,context_to_rail,0.25,0.19952600414078675,0,0.23233410144927535
map:official,前山安检口/前山1通道,context_to_security,0.22,0.19952600414078675,0,0.2128341014492754
前山安检口/前山1通道,map:official,context_to_security,0.22,0.19952600414078675,0,0.2128341014492754
map:official,前山安检口/前山2通道,context_to_security,0.22,0.19952600414078675,0,0.2128341014492754
前山安检口/前山2通道,map:official,context_to_security,0.22,0.19952600414078675,0,0.2128341014492754
map:official,前山安检口/前山3通道,context_to_security,0.22,0.19952600414078675,0,0.2128341014492754
前山安检口/前山3通道,map:official,context_to_security,0.22,0.19952600414078675,0,0.2128341014492754
map:official,外餐安检口/外餐1通道,context_to_security,0.22,0.19952600414078675,0,0.2128341014492754
外餐安检口/外餐1通道,map:official,context_to_security,0.22,0.19952600414078675,0,0.2128341014492754
map:official,外餐安检口/外餐2通道,context_to_security,0.22,0.19952600414078675,0,0.2128341014492754
外餐安检口/外餐2通道,map:official,context_to_security,0.22,0.19952600414078675,0,0.2128341014492754
map:official,外餐安检口/外餐3通道,context_to_security,0.22,0.19952600414078675,0,0.2128341014492754
外餐安检口/外餐3通道,map:official,context_to_security,0.22,0.19952600414078675,0,0.2128341014492754
map:official,外餐安检口/外餐4通道,context_to_security,0.22,0.19952600414078675,0,0.2128341014492754
外餐安检口/外餐4通道,map:official,context_to_security,0.22,0.19952600414078675,0,0.2128341014492754
map:official,外餐安检口/外餐5通道,context_to_security,0.22,0.19952600414078675,0,0.2128341014492754
外餐安检口/外餐5通道,map:official,context_to_security,0.22,0.19952600414078675,0,0.2128341014492754
map:official,外餐安检口/外餐6通道,context_to_security,0.22,0.19952600414078675,0,0.2128341014492754
外餐安检口/外餐6通道,map:official,context_to_security,0.22,0.19952600414078675,0,0.2128341014492754
map:user,global:ticket,context_to_ticket,0.25,0.19952600414078675,0,0.23233410144927535
global:ticket,map:user,context_to_ticket,0.25,0.19952600414078675,0,0.23233410144927535
map:user,global:rail,context_to_rail,0.25,0.19952600414078675,0,0.23233410144927535
global:rail,map:user,context_to_rail,0.25,0.19952600414078675,0,0.23233410144927535
map:user,前山安检口/前山1通道,context_to_security,0.22,0.19952600414078675,0,0.2128341014492754
前山安检口/前山1通道,map:user,context_to_security,0.22,0.19952600414078675,0,0.2128341014492754
map:user,前山安检口/前山2通道,context_to_security,0.22,0.19952600414078675,0,0.2128341014492754
前山安检口/前山2通道,map:user,context_to_security,0.22,0.19952600414078675,0,0.2128341014492754
map:user,前山安检口/前山3通道,context_to_security,0.22,0.19952600414078675,0,0.2128341014492754
前山安检口/前山3通道,map:user,context_to_security,0.22,0.19952600414078675,0,0.2128341014492754
map:user,外餐安检口/外餐1通道,context_to_security,0.22,0.19952600414078675,0,0.2128341014492754
外餐安检口/外餐1通道,map:user,context_to_security,0.22,0.19952600414078675,0,0.2128341014492754
map:user,外餐安检口/外餐2通道,context_to_security,0.22,0.19952600414078675,0,0.2128341014492754
外餐安检口/外餐2通道,map:user,context_to_security,0.22,0.19952600414078675,0,0.2128341014492754
map:user,外餐安检口/外餐3通道,context_to_security,0.22,0.19952600414078675,0,0.2128341014492754
外餐安检口/外餐3通道,map:user,context_to_security,0.22,0.19952600414078675,0,0.2128341014492754
map:user,外餐安检口/外餐4通道,context_to_security,0.22,0.19952600414078675,0,0.2128341014492754
外餐安检口/外餐4通道,map:user,context_to_security,0.22,0.19952600414078675,0,0.2128341014492754
map:user,外餐安检口/外餐5通道,context_to_security,0.22,0.19952600414078675,0,0.2128341014492754
外餐安检口/外餐5通道,map:user,context_to_security,0.22,0.19952600414078675,0,0.2128341014492754
map:user,外餐安检口/外餐6通道,context_to_security,0.22,0.19952600414078675,0,0.2128341014492754
外餐安检口/外餐6通道,map:user,context_to_security,0.22,0.19952600414078675,0,0.2128341014492754
doc:problem,global:ticket,context_to_ticket,0.25,0.19952600414078675,0,0.23233410144927535
global:ticket,doc:problem,context_to_ticket,0.25,0.19952600414078675,0,0.23233410144927535
doc:problem,global:rail,context_to_rail,0.25,0.19952600414078675,0,0.23233410144927535
global:rail,doc:problem,context_to_rail,0.25,0.19952600414078675,0,0.23233410144927535
doc:problem,前山安检口/前山1通道,context_to_security,0.22,0.19952600414078675,0,0.2128341014492754
前山安检口/前山1通道,doc:problem,context_to_security,0.22,0.19952600414078675,0,0.2128341014492754
doc:problem,前山安检口/前山2通道,context_to_security,0.22,0.19952600414078675,0,0.2128341014492754
前山安检口/前山2通道,doc:problem,context_to_security,0.22,0.19952600414078675,0,0.2128341014492754
doc:problem,前山安检口/前山3通道,context_to_security,0.22,0.19952600414078675,0,0.2128341014492754
前山安检口/前山3通道,doc:problem,context_to_security,0.22,0.19952600414078675,0,0.2128341014492754
doc:problem,外餐安检口/外餐1通道,context_to_security,0.22,0.19952600414078675,0,0.2128341014492754
外餐安检口/外餐1通道,doc:problem,context_to_security,0.22,0.19952600414078675,0,0.2128341014492754
doc:problem,外餐安检口/外餐2通道,context_to_security,0.22,0.19952600414078675,0,0.2128341014492754
外餐安检口/外餐2通道,doc:problem,context_to_security,0.22,0.19952600414078675,0,0.2128341014492754
doc:problem,外餐安检口/外餐3通道,context_to_security,0.22,0.19952600414078675,0,0.2128341014492754
外餐安检口/外餐3通道,doc:problem,context_to_security,0.22,0.19952600414078675,0,0.2128341014492754
doc:problem,外餐安检口/外餐4通道,context_to_security,0.22,0.19952600414078675,0,0.2128341014492754
外餐安检口/外餐4通道,doc:problem,context_to_security,0.22,0.19952600414078675,0,0.2128341014492754
doc:problem,外餐安检口/外餐5通道,context_to_security,0.22,0.19952600414078675,0,0.2128341014492754
外餐安检口/外餐5通道,doc:problem,context_to_security,0.22,0.19952600414078675,0,0.2128341014492754
doc:problem,外餐安检口/外餐6通道,context_to_security,0.22,0.19952600414078675,0,0.2128341014492754
外餐安检口/外餐6通道,doc:problem,context_to_security,0.22,0.19952600414078675,0,0.2128341014492754
facility:北门锁钥关城城楼,facility:北四楼・好汉石打卡点,scenic_route,0.58,0.0,0,0.377
facility:北四楼・好汉石打卡点,facility:北门锁钥关城城楼,scenic_route,0.58,0.0,0,0.377
facility:北四楼・好汉石打卡点,facility:北索道入口平台,scenic_route,0.58,0.0,0,0.377
facility:北索道入口平台,facility:北四楼・好汉石打卡点,scenic_route,0.58,0.0,0,0.377
facility:北索道入口平台,facility:北八楼・好汉坡制高点,scenic_route,0.58,0.0,0,0.377
facility:北八楼・好汉坡制高点,facility:北索道入口平台,scenic_route,0.58,0.0,0,0.377
facility:北八楼・好汉坡制高点,facility:北八至北九 S 弯长城,scenic_route,0.58,0.0,0,0.377
facility:北八至北九 S 弯长城,facility:北八楼・好汉坡制高点,scenic_route,0.58,0.0,0,0.377
facility:岔道城古炮展区,facility:南索道入口平台,scenic_route,0.58,0.0,0,0.377
facility:南索道入口平台,facility:岔道城古炮展区,scenic_route,0.58,0.0,0,0.377
facility:南索道入口平台,facility:南四楼南线全景机位,scenic_route,0.58,0.0,0,0.377
facility:南四楼南线全景机位,facility:南索道入口平台,scenic_route,0.58,0.0,0,0.377
前山安检口/前山1通道,facility:北门锁钥关城城楼,front_gate_to_north_route,0.64,0.0,0,0.41600000000000004
facility:北门锁钥关城城楼,前山安检口/前山1通道,front_gate_to_north_route,0.64,0.0,0,0.41600000000000004
前山安检口/前山1通道,facility:北四楼・好汉石打卡点,front_gate_to_north_route,0.64,0.0,0,0.41600000000000004
facility:北四楼・好汉石打卡点,前山安检口/前山1通道,front_gate_to_north_route,0.64,0.0,0,0.41600000000000004
前山安检口/前山1通道,facility:北索道入口平台,front_gate_to_north_route,0.64,0.0,0,0.41600000000000004
facility:北索道入口平台,前山安检口/前山1通道,front_gate_to_north_route,0.64,0.0,0,0.41600000000000004
前山安检口/前山1通道,facility:北八楼・好汉坡制高点,front_gate_to_north_route,0.64,0.0,0,0.41600000000000004
facility:北八楼・好汉坡制高点,前山安检口/前山1通道,front_gate_to_north_route,0.64,0.0,0,0.41600000000000004
前山安检口/前山1通道,facility:北八至北九 S 弯长城,front_gate_to_north_route,0.64,0.0,0,0.41600000000000004
facility:北八至北九 S 弯长城,前山安检口/前山1通道,front_gate_to_north_route,0.64,0.0,0,0.41600000000000004
前山安检口/前山2通道,facility:北门锁钥关城城楼,front_gate_to_north_route,0.64,0.0,0,0.41600000000000004
facility:北门锁钥关城城楼,前山安检口/前山2通道,front_gate_to_north_route,0.64,0.0,0,0.41600000000000004
前山安检口/前山2通道,facility:北四楼・好汉石打卡点,front_gate_to_north_route,0.64,0.0,0,0.41600000000000004
facility:北四楼・好汉石打卡点,前山安检口/前山2通道,front_gate_to_north_route,0.64,0.0,0,0.41600000000000004
前山安检口/前山2通道,facility:北索道入口平台,front_gate_to_north_route,0.64,0.0,0,0.41600000000000004
facility:北索道入口平台,前山安检口/前山2通道,front_gate_to_north_route,0.64,0.0,0,0.41600000000000004
前山安检口/前山2通道,facility:北八楼・好汉坡制高点,front_gate_to_north_route,0.64,0.0,0,0.41600000000000004
facility:北八楼・好汉坡制高点,前山安检口/前山2通道,front_gate_to_north_route,0.64,0.0,0,0.41600000000000004
前山安检口/前山2通道,facility:北八至北九 S 弯长城,front_gate_to_north_route,0.64,0.0,0,0.41600000000000004
facility:北八至北九 S 弯长城,前山安检口/前山2通道,front_gate_to_north_route,0.64,0.0,0,0.41600000000000004
前山安检口/前山3通道,facility:北门锁钥关城城楼,front_gate_to_north_route,0.64,0.0,0,0.41600000000000004
facility:北门锁钥关城城楼,前山安检口/前山3通道,front_gate_to_north_route,0.64,0.0,0,0.41600000000000004
前山安检口/前山3通道,facility:北四楼・好汉石打卡点,front_gate_to_north_route,0.64,0.0,0,0.41600000000000004
facility:北四楼・好汉石打卡点,前山安检口/前山3通道,front_gate_to_north_route,0.64,0.0,0,0.41600000000000004
前山安检口/前山3通道,facility:北索道入口平台,front_gate_to_north_route,0.64,0.0,0,0.41600000000000004
facility:北索道入口平台,前山安检口/前山3通道,front_gate_to_north_route,0.64,0.0,0,0.41600000000000004
前山安检口/前山3通道,facility:北八楼・好汉坡制高点,front_gate_to_north_route,0.64,0.0,0,0.41600000000000004
facility:北八楼・好汉坡制高点,前山安检口/前山3通道,front_gate_to_north_route,0.64,0.0,0,0.41600000000000004
前山安检口/前山3通道,facility:北八至北九 S 弯长城,front_gate_to_north_route,0.64,0.0,0,0.41600000000000004
facility:北八至北九 S 弯长城,前山安检口/前山3通道,front_gate_to_north_route,0.64,0.0,0,0.41600000000000004
外餐安检口/外餐1通道,facility:岔道城古炮展区,outside_gate_to_south_route,0.6,0.0,0,0.39
facility:岔道城古炮展区,外餐安检口/外餐1通道,outside_gate_to_south_route,0.6,0.0,0,0.39
外餐安检口/外餐1通道,facility:南索道入口平台,outside_gate_to_south_route,0.6,0.0,0,0.39
facility:南索道入口平台,外餐安检口/外餐1通道,outside_gate_to_south_route,0.6,0.0,0,0.39
外餐安检口/外餐1通道,facility:南四楼南线全景机位,outside_gate_to_south_route,0.6,0.0,0,0.39
facility:南四楼南线全景机位,外餐安检口/外餐1通道,outside_gate_to_south_route,0.6,0.0,0,0.39
外餐安检口/外餐2通道,facility:岔道城古炮展区,outside_gate_to_south_route,0.6,0.0,0,0.39
facility:岔道城古炮展区,外餐安检口/外餐2通道,outside_gate_to_south_route,0.6,0.0,0,0.39
外餐安检口/外餐2通道,facility:南索道入口平台,outside_gate_to_south_route,0.6,0.0,0,0.39
facility:南索道入口平台,外餐安检口/外餐2通道,outside_gate_to_south_route,0.6,0.0,0,0.39
外餐安检口/外餐2通道,facility:南四楼南线全景机位,outside_gate_to_south_route,0.6,0.0,0,0.39
facility:南四楼南线全景机位,外餐安检口/外餐2通道,outside_gate_to_south_route,0.6,0.0,0,0.39
外餐安检口/外餐3通道,facility:岔道城古炮展区,outside_gate_to_south_route,0.6,0.0,0,0.39
facility:岔道城古炮展区,外餐安检口/外餐3通道,outside_gate_to_south_route,0.6,0.0,0,0.39
外餐安检口/外餐3通道,facility:南索道入口平台,outside_gate_to_south_route,0.6,0.0,0,0.39
facility:南索道入口平台,外餐安检口/外餐3通道,outside_gate_to_south_route,0.6,0.0,0,0.39
外餐安检口/外餐3通道,facility:南四楼南线全景机位,outside_gate_to_south_route,0.6,0.0,0,0.39
facility:南四楼南线全景机位,外餐安检口/外餐3通道,outside_gate_to_south_route,0.6,0.0,0,0.39
外餐安检口/外餐4通道,facility:岔道城古炮展区,outside_gate_to_south_route,0.6,0.0,0,0.39
facility:岔道城古炮展区,外餐安检口/外餐4通道,outside_gate_to_south_route,0.6,0.0,0,0.39
外餐安检口/外餐4通道,facility:南索道入口平台,outside_gate_to_south_route,0.6,0.0,0,0.39
facility:南索道入口平台,外餐安检口/外餐4通道,outside_gate_to_south_route,0.6,0.0,0,0.39
外餐安检口/外餐4通道,facility:南四楼南线全景机位,outside_gate_to_south_route,0.6,0.0,0,0.39
facility:南四楼南线全景机位,外餐安检口/外餐4通道,outside_gate_to_south_route,0.6,0.0,0,0.39
外餐安检口/外餐5通道,facility:岔道城古炮展区,outside_gate_to_south_route,0.6,0.0,0,0.39
facility:岔道城古炮展区,外餐安检口/外餐5通道,outside_gate_to_south_route,0.6,0.0,0,0.39
外餐安检口/外餐5通道,facility:南索道入口平台,outside_gate_to_south_route,0.6,0.0,0,0.39
facility:南索道入口平台,外餐安检口/外餐5通道,outside_gate_to_south_route,0.6,0.0,0,0.39
外餐安检口/外餐5通道,facility:南四楼南线全景机位,outside_gate_to_south_route,0.6,0.0,0,0.39
facility:南四楼南线全景机位,外餐安检口/外餐5通道,outside_gate_to_south_route,0.6,0.0,0,0.39
外餐安检口/外餐6通道,facility:岔道城古炮展区,outside_gate_to_south_route,0.6,0.0,0,0.39
facility:岔道城古炮展区,外餐安检口/外餐6通道,outside_gate_to_south_route,0.6,0.0,0,0.39
外餐安检口/外餐6通道,facility:南索道入口平台,outside_gate_to_south_route,0.6,0.0,0,0.39
facility:南索道入口平台,外餐安检口/外餐6通道,outside_gate_to_south_route,0.6,0.0,0,0.39
外餐安检口/外餐6通道,facility:南四楼南线全景机位,outside_gate_to_south_route,0.6,0.0,0,0.39
facility:南四楼南线全景机位,外餐安检口/外餐6通道,outside_gate_to_south_route,0.6,0.0,0,0.39
map:official,facility:北八楼・好汉坡制高点,context_to_facility,0.24,0.19952600414078675,0,0.22583410144927535
facility:北八楼・好汉坡制高点,map:official,context_to_facility,0.24,0.19952600414078675,0,0.22583410144927535
map:official,facility:北索道入口平台,context_to_facility,0.24,0.19952600414078675,0,0.22583410144927535
facility:北索道入口平台,map:official,context_to_facility,0.24,0.19952600414078675,0,0.22583410144927535
map:official,facility:北四楼・好汉石打卡点,context_to_facility,0.24,0.19952600414078675,0,0.22583410144927535
facility:北四楼・好汉石打卡点,map:official,context_to_facility,0.24,0.19952600414078675,0,0.22583410144927535
map:official,facility:北门锁钥关城城楼,context_to_facility,0.24,0.19952600414078675,0,0.22583410144927535
facility:北门锁钥关城城楼,map:official,context_to_facility,0.24,0.19952600414078675,0,0.22583410144927535
map:official,facility:北八至北九 S 弯长城,context_to_facility,0.24,0.19952600414078675,0,0.22583410144927535
facility:北八至北九 S 弯长城,map:official,context_to_facility,0.24,0.19952600414078675,0,0.22583410144927535
map:official,facility:南索道入口平台,context_to_facility,0.24,0.19952600414078675,0,0.22583410144927535
facility:南索道入口平台,map:official,context_to_facility,0.24,0.19952600414078675,0,0.22583410144927535
map:official,facility:南四楼南线全景机位,context_to_facility,0.24,0.19952600414078675,0,0.22583410144927535
facility:南四楼南线全景机位,map:official,context_to_facility,0.24,0.19952600414078675,0,0.22583410144927535
map:official,facility:岔道城古炮展区,context_to_facility,0.24,0.19952600414078675,0,0.22583410144927535
facility:岔道城古炮展区,map:official,context_to_facility,0.24,0.19952600414078675,0,0.22583410144927535
map:official,ropeway:北线索道（北八楼空中索道）,context_to_ropeway,0.24,0.19952600414078675,0,0.22583410144927535
ropeway:北线索道（北八楼空中索道）,map:official,context_to_ropeway,0.24,0.19952600414078675,0,0.22583410144927535
map:official,ropeway:南线索道（南四楼地面缆车）,context_to_ropeway,0.24,0.19952600414078675,0,0.22583410144927535
ropeway:南线索道（南四楼地面缆车）,map:official,context_to_ropeway,0.24,0.19952600414078675,0,0.22583410144927535
map:user,facility:北八楼・好汉坡制高点,context_to_facility,0.24,0.19952600414078675,0,0.22583410144927535
facility:北八楼・好汉坡制高点,map:user,context_to_facility,0.24,0.19952600414078675,0,0.22583410144927535
map:user,facility:北索道入口平台,context_to_facility,0.24,0.19952600414078675,0,0.22583410144927535
facility:北索道入口平台,map:user,context_to_facility,0.24,0.19952600414078675,0,0.22583410144927535
map:user,facility:北四楼・好汉石打卡点,context_to_facility,0.24,0.19952600414078675,0,0.22583410144927535
facility:北四楼・好汉石打卡点,map:user,context_to_facility,0.24,0.19952600414078675,0,0.22583410144927535
map:user,facility:北门锁钥关城城楼,context_to_facility,0.24,0.19952600414078675,0,0.22583410144927535
facility:北门锁钥关城城楼,map:user,context_to_facility,0.24,0.19952600414078675,0,0.22583410144927535
map:user,facility:北八至北九 S 弯长城,context_to_facility,0.24,0.19952600414078675,0,0.22583410144927535
facility:北八至北九 S 弯长城,map:user,context_to_facility,0.24,0.19952600414078675,0,0.22583410144927535
map:user,facility:南索道入口平台,context_to_facility,0.24,0.19952600414078675,0,0.22583410144927535
facility:南索道入口平台,map:user,context_to_facility,0.24,0.19952600414078675,0,0.22583410144927535
map:user,facility:南四楼南线全景机位,context_to_facility,0.24,0.19952600414078675,0,0.22583410144927535
facility:南四楼南线全景机位,map:user,context_to_facility,0.24,0.19952600414078675,0,0.22583410144927535
map:user,facility:岔道城古炮展区,context_to_facility,0.24,0.19952600414078675,0,0.22583410144927535
facility:岔道城古炮展区,map:user,context_to_facility,0.24,0.19952600414078675,0,0.22583410144927535
map:user,ropeway:北线索道（北八楼空中索道）,context_to_ropeway,0.24,0.19952600414078675,0,0.22583410144927535
ropeway:北线索道（北八楼空中索道）,map:user,context_to_ropeway,0.24,0.19952600414078675,0,0.22583410144927535
map:user,ropeway:南线索道（南四楼地面缆车）,context_to_ropeway,0.24,0.19952600414078675,0,0.22583410144927535
ropeway:南线索道（南四楼地面缆车）,map:user,context_to_ropeway,0.24,0.19952600414078675,0,0.22583410144927535
doc:problem,facility:北八楼・好汉坡制高点,context_to_facility,0.24,0.19952600414078675,0,0.22583410144927535
facility:北八楼・好汉坡制高点,doc:problem,context_to_facility,0.24,0.19952600414078675,0,0.22583410144927535
doc:problem,facility:北索道入口平台,context_to_facility,0.24,0.19952600414078675,0,0.22583410144927535
facility:北索道入口平台,doc:problem,context_to_facility,0.24,0.19952600414078675,0,0.22583410144927535
doc:problem,facility:北四楼・好汉石打卡点,context_to_facility,0.24,0.19952600414078675,0,0.22583410144927535
facility:北四楼・好汉石打卡点,doc:problem,context_to_facility,0.24,0.19952600414078675,0,0.22583410144927535
doc:problem,facility:北门锁钥关城城楼,context_to_facility,0.24,0.19952600414078675,0,0.22583410144927535
facility:北门锁钥关城城楼,doc:problem,context_to_facility,0.24,0.19952600414078675,0,0.22583410144927535
doc:problem,facility:北八至北九 S 弯长城,context_to_facility,0.24,0.19952600414078675,0,0.22583410144927535
facility:北八至北九 S 弯长城,doc:problem,context_to_facility,0.24,0.19952600414078675,0,0.22583410144927535
doc:problem,facility:南索道入口平台,context_to_facility,0.24,0.19952600414078675,0,0.22583410144927535
facility:南索道入口平台,doc:problem,context_to_facility,0.24,0.19952600414078675,0,0.22583410144927535
doc:problem,facility:南四楼南线全景机位,context_to_facility,0.24,0.19952600414078675,0,0.22583410144927535
facility:南四楼南线全景机位,doc:problem,context_to_facility,0.24,0.19952600414078675,0,0.22583410144927535
doc:problem,facility:岔道城古炮展区,context_to_facility,0.24,0.19952600414078675,0,0.22583410144927535
facility:岔道城古炮展区,doc:problem,context_to_facility,0.24,0.19952600414078675,0,0.22583410144927535
doc:problem,ropeway:北线索道（北八楼空中索道）,context_to_ropeway,0.24,0.19952600414078675,0,0.22583410144927535
ropeway:北线索道（北八楼空中索道）,doc:problem,context_to_ropeway,0.24,0.19952600414078675,0,0.22583410144927535
doc:problem,ropeway:南线索道（南四楼地面缆车）,context_to_ropeway,0.24,0.19952600414078675,0,0.22583410144927535
ropeway:南线索道（南四楼地面缆车）,doc:problem,context_to_ropeway,0.24,0.19952600414078675,0,0.22583410144927535
ropeway:北线索道（北八楼空中索道）,facility:北门锁钥关城城楼,ropeway_to_platform,0.7,0.0,0,0.45499999999999996
facility:北门锁钥关城城楼,ropeway:北线索道（北八楼空中索道）,ropeway_to_platform,0.7,0.0,0,0.45499999999999996
ropeway:北线索道（北八楼空中索道）,facility:北四楼・好汉石打卡点,ropeway_to_platform,0.7,0.0,0,0.45499999999999996
facility:北四楼・好汉石打卡点,ropeway:北线索道（北八楼空中索道）,ropeway_to_platform,0.7,0.0,0,0.45499999999999996
ropeway:北线索道（北八楼空中索道）,facility:北索道入口平台,ropeway_to_platform,0.7,0.0,0,0.45499999999999996
facility:北索道入口平台,ropeway:北线索道（北八楼空中索道）,ropeway_to_platform,0.7,0.0,0,0.45499999999999996
ropeway:北线索道（北八楼空中索道）,facility:北八楼・好汉坡制高点,ropeway_to_platform,0.7,0.0,0,0.45499999999999996
facility:北八楼・好汉坡制高点,ropeway:北线索道（北八楼空中索道）,ropeway_to_platform,0.7,0.0,0,0.45499999999999996
ropeway:北线索道（北八楼空中索道）,facility:北八至北九 S 弯长城,ropeway_to_platform,0.7,0.0,0,0.45499999999999996
facility:北八至北九 S 弯长城,ropeway:北线索道（北八楼空中索道）,ropeway_to_platform,0.7,0.0,0,0.45499999999999996
global:rail,ropeway:北线索道（北八楼空中索道）,rail_to_ropeway,0.68,0.0,0,0.44200000000000006
ropeway:北线索道（北八楼空中索道）,global:rail,rail_to_ropeway,0.68,0.0,0,0.44200000000000006
global:ticket,ropeway:北线索道（北八楼空中索道）,ticket_to_ropeway,0.62,0.0,0,0.403
ropeway:北线索道（北八楼空中索道）,global:ticket,ticket_to_ropeway,0.62,0.0,0,0.403
ropeway:南线索道（南四楼地面缆车）,facility:岔道城古炮展区,ropeway_to_platform,0.7,0.0,0,0.45499999999999996
facility:岔道城古炮展区,ropeway:南线索道（南四楼地面缆车）,ropeway_to_platform,0.7,0.0,0,0.45499999999999996
ropeway:南线索道（南四楼地面缆车）,facility:南索道入口平台,ropeway_to_platform,0.7,0.0,0,0.45499999999999996
facility:南索道入口平台,ropeway:南线索道（南四楼地面缆车）,ropeway_to_platform,0.7,0.0,0,0.45499999999999996
ropeway:南线索道（南四楼地面缆车）,facility:南四楼南线全景机位,ropeway_to_platform,0.7,0.0,0,0.45499999999999996
facility:南四楼南线全景机位,ropeway:南线索道（南四楼地面缆车）,ropeway_to_platform,0.7,0.0,0,0.45499999999999996
global:rail,ropeway:南线索道（南四楼地面缆车）,rail_to_ropeway,0.68,0.0,0,0.44200000000000006
ropeway:南线索道（南四楼地面缆车）,global:rail,rail_to_ropeway,0.68,0.0,0,0.44200000000000006
global:ticket,ropeway:南线索道（南四楼地面缆车）,ticket_to_ropeway,0.62,0.0,0,0.403
ropeway:南线索道（南四楼地面缆车）,global:ticket,ticket_to_ropeway,0.62,0.0,0,0.403
