source,target,relation
前山安检口/前山1通道,前山安检口/前山2通道,same_security_gate
前山安检口/前山2通道,前山安检口/前山1通道,same_security_gate
前山安检口/前山1通道,前山安检口/前山3通道,same_security_gate
前山安检口/前山3通道,前山安检口/前山1通道,same_security_gate
前山安检口/前山2通道,前山安检口/前山3通道,same_security_gate
前山安检口/前山3通道,前山安检口/前山2通道,same_security_gate
外餐安检口/外餐1通道,外餐安检口/外餐2通道,same_security_gate
外餐安检口/外餐2通道,外餐安检口/外餐1通道,same_security_gate
外餐安检口/外餐1通道,外餐安检口/外餐3通道,same_security_gate
外餐安检口/外餐3通道,外餐安检口/外餐1通道,same_security_gate
外餐安检口/外餐1通道,外餐安检口/外餐4通道,same_security_gate
外餐安检口/外餐4通道,外餐安检口/外餐1通道,same_security_gate
外餐安检口/外餐1通道,外餐安检口/外餐5通道,same_security_gate
外餐安检口/外餐5通道,外餐安检口/外餐1通道,same_security_gate
外餐安检口/外餐1通道,外餐安检口/外餐6通道,same_security_gate
外餐安检口/外餐6通道,外餐安检口/外餐1通道,same_security_gate
外餐安检口/外餐2通道,外餐安检口/外餐3通道,same_security_gate
外餐安检口/外餐3通道,外餐安检口/外餐2通道,same_security_gate
外餐安检口/外餐2通道,外餐安检口/外餐4通道,same_security_gate
外餐安检口/外餐4通道,外餐安检口/外餐2通道,same_security_gate
外餐安检口/外餐2通道,外餐安检口/外餐5通道,same_security_gate
外餐安检口/外餐5通道,外餐安检口/外餐2通道,same_security_gate
外餐安检口/外餐2通道,外餐安检口/外餐6通道,same_security_gate
外餐安检口/外餐6通道,外餐安检口/外餐2通道,same_security_gate
外餐安检口/外餐3通道,外餐安检口/外餐4通道,same_security_gate
外餐安检口/外餐4通道,外餐安检口/外餐3通道,same_security_gate
外餐安检口/外餐3通道,外餐安检口/外餐5通道,same_security_gate
外餐安检口/外餐5通道,外餐安检口/外餐3通道,same_security_gate
外餐安检口/外餐3通道,外餐安检口/外餐6通道,same_security_gate
外餐安检口/外餐6通道,外餐安检口/外餐3通道,same_security_gate
外餐安检口/外餐4通道,外餐安检口/外餐5通道,same_security_gate
外餐安检口/外餐5通道,外餐安检口/外餐4通道,same_security_gate
外餐安检口/外餐4通道,外餐安检口/外餐6通道,same_security_gate
外餐安检口/外餐6通道,外餐安检口/外餐4通道,same_security_gate
外餐安检口/外餐5通道,外餐安检口/外餐6通道,same_security_gate
外餐安检口/外餐6通道,外餐安检口/外餐5通道,same_security_gate
global:ticket,前山安检口/前山1通道,ticket_to_gate
前山安检口/前山1通道,global:ticket,ticket_to_gate
global:rail,前山安检口/前山1通道,rail_to_gate
前山安检口/前山1通道,global:rail,rail_to_gate
global:ticket,前山安检口/前山2通道,ticket_to_gate
前山安检口/前山2通道,global:ticket,ticket_to_gate
global:rail,前山安检口/前山2通道,rail_to_gate
前山安检口/前山2通道,global:rail,rail_to_gate
global:ticket,前山安检口/前山3通道,ticket_to_gate
前山安检口/前山3通道,global:ticket,ticket_to_gate
global:rail,前山安检口/前山3通道,rail_to_gate
前山安检口/前山3通道,global:rail,rail_to_gate
global:ticket,外餐安检口/外餐1通道,ticket_to_gate
外餐安检口/外餐1通道,global:ticket,ticket_to_gate
global:rail,外餐安检口/外餐1通道,rail_to_gate
外餐安检口/外餐1通道,global:rail,rail_to_gate
global:ticket,外餐安检口/外餐2通道,ticket_to_gate
外餐安检口/外餐2通道,global:ticket,ticket_to_gate
global:rail,外餐安检口/外餐2通道,rail_to_gate
外餐安检口/外餐2通道,global:rail,rail_to_gate
global:ticket,外餐安检口/外餐3通道,ticket_to_gate
外餐安检口/外餐3通道,global:ticket,ticket_to_gate
global:rail,外餐安检口/外餐3通道,rail_to_gate
外餐安检口/外餐3通道,global:rail,rail_to_gate
global:ticket,外餐安检口/外餐4通道,ticket_to_gate
外餐安检口/外餐4通道,global:ticket,ticket_to_gate
global:rail,外餐安检口/外餐4通道,rail_to_gate
外餐安检口/外餐4通道,global:rail,rail_to_gate
global:ticket,外餐安检口/外餐5通道,ticket_to_gate
外餐安检口/外餐5通道,global:ticket,ticket_to_gate
global:rail,外餐安检口/外餐5通道,rail_to_gate
外餐安检口/外餐5通道,global:rail,rail_to_gate
global:ticket,外餐安检口/外餐6通道,ticket_to_gate
外餐安检口/外餐6通道,global:ticket,ticket_to_gate
global:rail,外餐安检口/外餐6通道,rail_to_gate
外餐安检口/外餐6通道,global:rail,rail_to_gate
map:official,global:ticket,context_to_ticket
global:ticket,map:official,context_to_ticket
map:official,global:rail,context_to_rail
global:rail,map:official,context_to_rail
map:official,前山安检口/前山1通道,context_to_security
前山安检口/前山1通道,map:official,context_to_security
map:official,前山安检口/前山2通道,context_to_security
前山安检口/前山2通道,map:official,context_to_security
map:official,前山安检口/前山3通道,context_to_security
前山安检口/前山3通道,map:official,context_to_security
map:official,外餐安检口/外餐1通道,context_to_security
外餐安检口/外餐1通道,map:official,context_to_security
map:official,外餐安检口/外餐2通道,context_to_security
外餐安检口/外餐2通道,map:official,context_to_security
map:official,外餐安检口/外餐3通道,context_to_security
外餐安检口/外餐3通道,map:official,context_to_security
map:official,外餐安检口/外餐4通道,context_to_security
外餐安检口/外餐4通道,map:official,context_to_security
map:official,外餐安检口/外餐5通道,context_to_security
外餐安检口/外餐5通道,map:official,context_to_security
map:official,外餐安检口/外餐6通道,context_to_security
外餐安检口/外餐6通道,map:official,context_to_security
map:user,global:ticket,context_to_ticket
global:ticket,map:user,context_to_ticket
map:user,global:rail,context_to_rail
global:rail,map:user,context_to_rail
map:user,前山安检口/前山1通道,context_to_security
前山安检口/前山1通道,map:user,context_to_security
map:user,前山安检口/前山2通道,context_to_security
前山安检口/前山2通道,map:user,context_to_security
map:user,前山安检口/前山3通道,context_to_security
前山安检口/前山3通道,map:user,context_to_security
map:user,外餐安检口/外餐1通道,context_to_security
外餐安检口/外餐1通道,map:user,context_to_security
map:user,外餐安检口/外餐2通道,context_to_security
外餐安检口/外餐2通道,map:user,context_to_security
map:user,外餐安检口/外餐3通道,context_to_security
外餐安检口/外餐3通道,map:user,context_to_security
map:user,外餐安检口/外餐4通道,context_to_security
外餐安检口/外餐4通道,map:user,context_to_security
map:user,外餐安检口/外餐5通道,context_to_security
外餐安检口/外餐5通道,map:user,context_to_security
map:user,外餐安检口/外餐6通道,context_to_security
外餐安检口/外餐6通道,map:user,context_to_security
doc:problem,global:ticket,context_to_ticket
global:ticket,doc:problem,context_to_ticket
doc:problem,global:rail,context_to_rail
global:rail,doc:problem,context_to_rail
doc:problem,前山安检口/前山1通道,context_to_security
前山安检口/前山1通道,doc:problem,context_to_security
doc:problem,前山安检口/前山2通道,context_to_security
前山安检口/前山2通道,doc:problem,context_to_security
doc:problem,前山安检口/前山3通道,context_to_security
前山安检口/前山3通道,doc:problem,context_to_security
doc:problem,外餐安检口/外餐1通道,context_to_security
外餐安检口/外餐1通道,doc:problem,context_to_security
doc:problem,外餐安检口/外餐2通道,context_to_security
外餐安检口/外餐2通道,doc:problem,context_to_security
doc:problem,外餐安检口/外餐3通道,context_to_security
外餐安检口/外餐3通道,doc:problem,context_to_security
doc:problem,外餐安检口/外餐4通道,context_to_security
外餐安检口/外餐4通道,doc:problem,context_to_security
doc:problem,外餐安检口/外餐5通道,context_to_security
外餐安检口/外餐5通道,doc:problem,context_to_security
doc:problem,外餐安检口/外餐6通道,context_to_security
外餐安检口/外餐6通道,doc:problem,context_to_security
facility:北门锁钥关城城楼,facility:北四楼・好汉石打卡点,scenic_route
facility:北四楼・好汉石打卡点,facility:北门锁钥关城城楼,scenic_route
facility:北四楼・好汉石打卡点,facility:北索道入口平台,scenic_route
facility:北索道入口平台,facility:北四楼・好汉石打卡点,scenic_route
facility:北索道入口平台,facility:北八楼・好汉坡制高点,scenic_route
facility:北八楼・好汉坡制高点,facility:北索道入口平台,scenic_route
facility:北八楼・好汉坡制高点,facility:北八至北九 S 弯长城,scenic_route
facility:北八至北九 S 弯长城,facility:北八楼・好汉坡制高点,scenic_route
facility:岔道城古炮展区,facility:南索道入口平台,scenic_route
facility:南索道入口平台,facility:岔道城古炮展区,scenic_route
facility:南索道入口平台,facility:南四楼南线全景机位,scenic_route
facility:南四楼南线全景机位,facility:南索道入口平台,scenic_route
前山安检口/前山1通道,facility:北门锁钥关城城楼,front_gate_to_north_route
facility:北门锁钥关城城楼,前山安检口/前山1通道,front_gate_to_north_route
前山安检口/前山1通道,facility:北四楼・好汉石打卡点,front_gate_to_north_route
facility:北四楼・好汉石打卡点,前山安检口/前山1通道,front_gate_to_north_route
前山安检口/前山1通道,facility:北索道入口平台,front_gate_to_north_route
facility:北索道入口平台,前山安检口/前山1通道,front_gate_to_north_route
前山安检口/前山1通道,facility:北八楼・好汉坡制高点,front_gate_to_north_route
facility:北八楼・好汉坡制高点,前山安检口/前山1通道,front_gate_to_north_route
前山安检口/前山1通道,facility:北八至北九 S 弯长城,front_gate_to_north_route
facility:北八至北九 S 弯长城,前山安检口/前山1通道,front_gate_to_north_route
前山安检口/前山2通道,facility:北门锁钥关城城楼,front_gate_to_north_route
facility:北门锁钥关城城楼,前山安检口/前山2通道,front_gate_to_north_route
前山安检口/前山2通道,facility:北四楼・好汉石打卡点,front_gate_to_north_route
facility:北四楼・好汉石打卡点,前山安检口/前山2通道,front_gate_to_north_route
前山安检口/前山2通道,facility:北索道入口平台,front_gate_to_north_route
facility:北索道入口平台,前山安检口/前山2通道,front_gate_to_north_route
前山安检口/前山2通道,facility:北八楼・好汉坡制高点,front_gate_to_north_route
facility:北八楼・好汉坡制高点,前山安检口/前山2通道,front_gate_to_north_route
前山安检口/前山2通道,facility:北八至北九 S 弯长城,front_gate_to_north_route
facility:北八至北九 S 弯长城,前山安检口/前山2通道,front_gate_to_north_route
前山安检口/前山3通道,facility:北门锁钥关城城楼,front_gate_to_north_route
facility:北门锁钥关城城楼,前山安检口/前山3通道,front_gate_to_north_route
前山安检口/前山3通道,facility:北四楼・好汉石打卡点,front_gate_to_north_route
facility:北四楼・好汉石打卡点,前山安检口/前山3通道,front_gate_to_north_route
前山安检口/前山3通道,facility:北索道入口平台,front_gate_to_north_route
facility:北索道入口平台,前山安检口/前山3通道,front_gate_to_north_route
前山安检口/前山3通道,facility:北八楼・好汉坡制高点,front_gate_to_north_route
facility:北八楼・好汉坡制高点,前山安检口/前山3通道,front_gate_to_north_route
前山安检口/前山3通道,facility:北八至北九 S 弯长城,front_gate_to_north_route
facility:北八至北九 S 弯长城,前山安检口/前山3通道,front_gate_to_north_route
外餐安检口/外餐1通道,facility:岔道城古炮展区,outside_gate_to_south_route
facility:岔道城古炮展区,外餐安检口/外餐1通道,outside_gate_to_south_route
外餐安检口/外餐1通道,facility:南索道入口平台,outside_gate_to_south_route
facility:南索道入口平台,外餐安检口/外餐1通道,outside_gate_to_south_route
外餐安检口/外餐1通道,facility:南四楼南线全景机位,outside_gate_to_south_route
facility:南四楼南线全景机位,外餐安检口/外餐1通道,outside_gate_to_south_route
外餐安检口/外餐2通道,facility:岔道城古炮展区,outside_gate_to_south_route
facility:岔道城古炮展区,外餐安检口/外餐2通道,outside_gate_to_south_route
外餐安检口/外餐2通道,facility:南索道入口平台,outside_gate_to_south_route
facility:南索道入口平台,外餐安检口/外餐2通道,outside_gate_to_south_route
外餐安检口/外餐2通道,facility:南四楼南线全景机位,outside_gate_to_south_route
facility:南四楼南线全景机位,外餐安检口/外餐2通道,outside_gate_to_south_route
外餐安检口/外餐3通道,facility:岔道城古炮展区,outside_gate_to_south_route
facility:岔道城古炮展区,外餐安检口/外餐3通道,outside_gate_to_south_route
外餐安检口/外餐3通道,facility:南索道入口平台,outside_gate_to_south_route
facility:南索道入口平台,外餐安检口/外餐3通道,outside_gate_to_south_route
外餐安检口/外餐3通道,facility:南四楼南线全景机位,outside_gate_to_south_route
facility:南四楼南线全景机位,外餐安检口/外餐3通道,outside_gate_to_south_route
外餐安检口/外餐4通道,facility:岔道城古炮展区,outside_gate_to_south_route
facility:岔道城古炮展区,外餐安检口/外餐4通道,outside_gate_to_south_route
外餐安检口/外餐4通道,facility:南索道入口平台,outside_gate_to_south_route
facility:南索道入口平台,外餐安检口/外餐4通道,outside_gate_to_south_route
外餐安检口/外餐4通道,facility:南四楼南线全景机位,outside_gate_to_south_route
facility:南四楼南线全景机位,外餐安检口/外餐4通道,outside_gate_to_south_route
外餐安检口/外餐5通道,facility:岔道城古炮展区,outside_gate_to_south_route
facility:岔道城古炮展区,外餐安检口/外餐5通道,outside_gate_to_south_route
外餐安检口/外餐5通道,facility:南索道入口平台,outside_gate_to_south_route
facility:南索道入口平台,外餐安检口/外餐5通道,outside_gate_to_south_route
外餐安检口/外餐5通道,facility:南四楼南线全景机位,outside_gate_to_south_route
facility:南四楼南线全景机位,外餐安检口/外餐5通道,outside_gate_to_south_route
外餐安检口/外餐6通道,facility:岔道城古炮展区,outside_gate_to_south_route
facility:岔道城古炮展区,外餐安检口/外餐6通道,outside_gate_to_south_route
外餐安检口/外餐6通道,facility:南索道入口平台,outside_gate_to_south_route
facility:南索道入口平台,外餐安检口/外餐6通道,outside_gate_to_south_route
外餐安检口/外餐6通道,facility:南四楼南线全景机位,outside_gate_to_south_route
facility:南四楼南线全景机位,外餐安检口/外餐6通道,outside_gate_to_south_route
map:official,facility:北八楼・好汉坡制高点,context_to_facility
facility:北八楼・好汉坡制高点,map:official,context_to_facility
map:official,facility:北索道入口平台,context_to_facility
facility:北索道入口平台,map:official,context_to_facility
map:official,facility:北四楼・好汉石打卡点,context_to_facility
facility:北四楼・好汉石打卡点,map:official,context_to_facility
map:official,facility:北门锁钥关城城楼,context_to_facility
facility:北门锁钥关城城楼,map:official,context_to_facility
map:official,facility:北八至北九 S 弯长城,context_to_facility
facility:北八至北九 S 弯长城,map:official,context_to_facility
map:official,facility:南索道入口平台,context_to_facility
facility:南索道入口平台,map:official,context_to_facility
map:official,facility:南四楼南线全景机位,context_to_facility
facility:南四楼南线全景机位,map:official,context_to_facility
map:official,facility:岔道城古炮展区,context_to_facility
facility:岔道城古炮展区,map:official,context_to_facility
map:official,ropeway:北线索道（北八楼空中索道）,context_to_ropeway
ropeway:北线索道（北八楼空中索道）,map:official,context_to_ropeway
map:official,ropeway:南线索道（南四楼地面缆车）,context_to_ropeway
ropeway:南线索道（南四楼地面缆车）,map:official,context_to_ropeway
map:user,facility:北八楼・好汉坡制高点,context_to_facility
facility:北八楼・好汉坡制高点,map:user,context_to_facility
map:user,facility:北索道入口平台,context_to_facility
facility:北索道入口平台,map:user,context_to_facility
map:user,facility:北四楼・好汉石打卡点,context_to_facility
facility:北四楼・好汉石打卡点,map:user,context_to_facility
map:user,facility:北门锁钥关城城楼,context_to_facility
facility:北门锁钥关城城楼,map:user,context_to_facility
map:user,facility:北八至北九 S 弯长城,context_to_facility
facility:北八至北九 S 弯长城,map:user,context_to_facility
map:user,facility:南索道入口平台,context_to_facility
facility:南索道入口平台,map:user,context_to_facility
map:user,facility:南四楼南线全景机位,context_to_facility
facility:南四楼南线全景机位,map:user,context_to_facility
map:user,facility:岔道城古炮展区,context_to_facility
facility:岔道城古炮展区,map:user,context_to_facility
map:user,ropeway:北线索道（北八楼空中索道）,context_to_ropeway
ropeway:北线索道（北八楼空中索道）,map:user,context_to_ropeway
map:user,ropeway:南线索道（南四楼地面缆车）,context_to_ropeway
ropeway:南线索道（南四楼地面缆车）,map:user,context_to_ropeway
doc:problem,facility:北八楼・好汉坡制高点,context_to_facility
facility:北八楼・好汉坡制高点,doc:problem,context_to_facility
doc:problem,facility:北索道入口平台,context_to_facility
facility:北索道入口平台,doc:problem,context_to_facility
doc:problem,facility:北四楼・好汉石打卡点,context_to_facility
facility:北四楼・好汉石打卡点,doc:problem,context_to_facility
doc:problem,facility:北门锁钥关城城楼,context_to_facility
facility:北门锁钥关城城楼,doc:problem,context_to_facility
doc:problem,facility:北八至北九 S 弯长城,context_to_facility
facility:北八至北九 S 弯长城,doc:problem,context_to_facility
doc:problem,facility:南索道入口平台,context_to_facility
facility:南索道入口平台,doc:problem,context_to_facility
doc:problem,facility:南四楼南线全景机位,context_to_facility
facility:南四楼南线全景机位,doc:problem,context_to_facility
doc:problem,facility:岔道城古炮展区,context_to_facility
facility:岔道城古炮展区,doc:problem,context_to_facility
doc:problem,ropeway:北线索道（北八楼空中索道）,context_to_ropeway
ropeway:北线索道（北八楼空中索道）,doc:problem,context_to_ropeway
doc:problem,ropeway:南线索道（南四楼地面缆车）,context_to_ropeway
ropeway:南线索道（南四楼地面缆车）,doc:problem,context_to_ropeway
ropeway:北线索道（北八楼空中索道）,facility:北门锁钥关城城楼,ropeway_to_platform
facility:北门锁钥关城城楼,ropeway:北线索道（北八楼空中索道）,ropeway_to_platform
ropeway:北线索道（北八楼空中索道）,facility:北四楼・好汉石打卡点,ropeway_to_platform
facility:北四楼・好汉石打卡点,ropeway:北线索道（北八楼空中索道）,ropeway_to_platform
ropeway:北线索道（北八楼空中索道）,facility:北索道入口平台,ropeway_to_platform
facility:北索道入口平台,ropeway:北线索道（北八楼空中索道）,ropeway_to_platform
ropeway:北线索道（北八楼空中索道）,facility:北八楼・好汉坡制高点,ropeway_to_platform
facility:北八楼・好汉坡制高点,ropeway:北线索道（北八楼空中索道）,ropeway_to_platform
ropeway:北线索道（北八楼空中索道）,facility:北八至北九 S 弯长城,ropeway_to_platform
facility:北八至北九 S 弯长城,ropeway:北线索道（北八楼空中索道）,ropeway_to_platform
global:rail,ropeway:北线索道（北八楼空中索道）,rail_to_ropeway
ropeway:北线索道（北八楼空中索道）,global:rail,rail_to_ropeway
global:ticket,ropeway:北线索道（北八楼空中索道）,ticket_to_ropeway
ropeway:北线索道（北八楼空中索道）,global:ticket,ticket_to_ropeway
ropeway:南线索道（南四楼地面缆车）,facility:岔道城古炮展区,ropeway_to_platform
facility:岔道城古炮展区,ropeway:南线索道（南四楼地面缆车）,ropeway_to_platform
ropeway:南线索道（南四楼地面缆车）,facility:南索道入口平台,ropeway_to_platform
facility:南索道入口平台,ropeway:南线索道（南四楼地面缆车）,ropeway_to_platform
ropeway:南线索道（南四楼地面缆车）,facility:南四楼南线全景机位,ropeway_to_platform
facility:南四楼南线全景机位,ropeway:南线索道（南四楼地面缆车）,ropeway_to_platform
global:rail,ropeway:南线索道（南四楼地面缆车）,rail_to_ropeway
ropeway:南线索道（南四楼地面缆车）,global:rail,rail_to_ropeway
global:ticket,ropeway:南线索道（南四楼地面缆车）,ticket_to_ropeway
ropeway:南线索道（南四楼地面缆车）,global:ticket,ticket_to_ropeway
